-- phpMyAdmin SQL Dump
-- version 5.1.1
-- https://www.phpmyadmin.net/
--
-- Host: 127.0.0.1
-- Generation Time: Aug 14, 2021 at 07:55 AM
-- Server version: 10.4.20-MariaDB
-- PHP Version: 8.0.8

SET SQL_MODE = "NO_AUTO_VALUE_ON_ZERO";
START TRANSACTION;
SET time_zone = "+00:00";


/*!40101 SET @OLD_CHARACTER_SET_CLIENT=@@CHARACTER_SET_CLIENT */;
/*!40101 SET @OLD_CHARACTER_SET_RESULTS=@@CHARACTER_SET_RESULTS */;
/*!40101 SET @OLD_COLLATION_CONNECTION=@@COLLATION_CONNECTION */;
/*!40101 SET NAMES utf8mb4 */;

--
-- Database: `toko_handphone`
--

-- --------------------------------------------------------

--
-- Table structure for table `barang`
--

CREATE TABLE `barang` (
  `Id_barang` int(11) NOT NULL,
  `nama_barang` varchar(20) NOT NULL,
  `harga` int(40) NOT NULL,
  `stok_barang` int(12) NOT NULL
) ENGINE=InnoDB DEFAULT CHARSET=utf8mb4;

--
-- Dumping data for table `barang`
--

INSERT INTO `barang` (`Id_barang`, `nama_barang`, `harga`, `stok_barang`) VALUES
(1, 'Samsung_A01', 1000000, 10),
(2, 'Samsung_A10', 1500000, 10),
(3, 'Samsung_A11', 2000000, 10),
(4, 'Samsung_A30', 2500000, 10),
(5, 'Samsung_A30s', 3000000, 10),
(6, 'Samsung_A31', 3000000, 10),
(7, 'Samsung_M30', 3000000, 10),
(8, 'Samsung_A50', 3500000, 10),
(9, 'Samsung_A51', 4000000, 10),
(10, 'Samsung_A71', 5000000, 10);

-- --------------------------------------------------------

--
-- Table structure for table `pelanggan`
--

CREATE TABLE `pelanggan` (
  `Id_pelanggan` int(11) NOT NULL,
  `Nama_pelanggan` varchar(20) NOT NULL,
  `Alamat` varchar(30) NOT NULL,
  `No_Hp` int(20) NOT NULL
) ENGINE=InnoDB DEFAULT CHARSET=utf8mb4;

--
-- Dumping data for table `pelanggan`
--

INSERT INTO `pelanggan` (`Id_pelanggan`, `Nama_pelanggan`, `Alamat`, `No_Hp`) VALUES
(1, 'Thoriq', 'Taman Krakatau', 877625321),
(2, 'Zahra', 'BPI', 813734231),
(3, 'Naufal', 'Tamra', 812623145),
(4, 'Ikhsan', 'Taman Krakatau', 812642423),
(5, 'Falah', 'Taman Krakatau', 897263134),
(6, 'Eka', 'PCI', 871392741),
(7, 'Bowo', 'PCI', 893734254),
(8, 'Al', 'Palm', 873144452),
(9, 'Sem', 'Taman Krakatau', 877143411),
(10, 'Raihan', 'Taman Krakatau', 873642342);

-- --------------------------------------------------------

--
-- Table structure for table `transaksi`
--

CREATE TABLE `transaksi` (
  `Id_transaksi` int(11) NOT NULL,
  `Id_barang` int(12) NOT NULL,
  `Id_pelanggan` int(12) NOT NULL,
  `Tanggal` datetime NOT NULL,
  `Total_harga` int(40) NOT NULL
) ENGINE=InnoDB DEFAULT CHARSET=utf8mb4;

--
-- Dumping data for table `transaksi`
--

INSERT INTO `transaksi` (`Id_transaksi`, `Id_barang`, `Id_pelanggan`, `Tanggal`, `Total_harga`) VALUES
(1, 1, 1, '2021-08-14 07:30:14', 1000000),
(2, 2, 1, '2021-08-14 07:30:14', 1500000),
(3, 3, 1, '2021-08-14 07:30:14', 2000000),
(4, 4, 1, '2021-08-14 07:30:14', 2500000),
(5, 5, 1, '2021-08-14 07:30:14', 3000000),
(6, 6, 1, '2021-08-14 07:30:14', 3000000),
(7, 7, 1, '2021-08-14 07:30:14', 3000000),
(8, 8, 1, '2021-08-14 07:30:14', 3500000),
(9, 9, 1, '2021-08-14 07:30:14', 4000000),
(10, 10, 1, '2021-08-14 07:30:14', 5000000),
(11, 1, 2, '2021-08-14 07:30:14', 1000000),
(12, 2, 2, '2021-08-14 07:30:14', 1500000),
(13, 3, 2, '2021-08-14 07:30:14', 2000000),
(14, 4, 2, '2021-08-14 07:30:14', 2500000),
(15, 5, 2, '2021-08-14 07:30:14', 3000000),
(16, 6, 2, '2021-08-14 07:30:14', 3000000),
(17, 7, 2, '2021-08-14 07:30:14', 3000000),
(18, 8, 2, '2021-08-14 07:30:14', 3500000),
(19, 9, 2, '2021-08-14 07:30:14', 4000000),
(20, 10, 2, '2021-08-14 07:30:14', 5000000),
(21, 1, 3, '2021-08-14 07:30:14', 1000000),
(22, 2, 3, '2021-08-14 07:30:14', 1500000),
(23, 3, 3, '2021-08-14 07:30:14', 2000000),
(24, 4, 3, '2021-08-14 07:30:14', 2500000),
(25, 5, 3, '2021-08-14 07:30:14', 3000000),
(26, 6, 3, '2021-08-14 07:30:14', 3000000),
(27, 7, 3, '2021-08-14 07:30:14', 3000000),
(28, 8, 3, '2021-08-14 07:30:14', 3500000),
(29, 9, 3, '2021-08-14 07:30:14', 4000000),
(30, 10, 3, '2021-08-14 07:30:14', 5000000),
(31, 1, 4, '2021-08-14 07:30:14', 1000000),
(32, 2, 4, '2021-08-14 07:30:14', 1500000),
(33, 3, 4, '2021-08-14 07:30:14', 2000000),
(34, 4, 4, '2021-08-14 07:30:14', 2500000),
(35, 5, 4, '2021-08-14 07:30:14', 3000000),
(36, 6, 4, '2021-08-14 07:30:14', 3000000),
(37, 7, 4, '2021-08-14 07:30:14', 3000000),
(38, 8, 4, '2021-08-14 07:30:14', 3500000),
(39, 9, 4, '2021-08-14 07:30:14', 4000000),
(40, 10, 4, '2021-08-14 07:30:14', 5000000),
(41, 1, 5, '2021-08-14 07:30:14', 1000000),
(42, 2, 5, '2021-08-14 07:30:14', 1500000),
(43, 3, 5, '2021-08-14 07:30:14', 2000000),
(44, 4, 5, '2021-08-14 07:30:14', 2500000),
(45, 5, 5, '2021-08-14 07:30:14', 3000000),
(46, 6, 5, '2021-08-14 07:30:14', 3000000),
(47, 7, 5, '2021-08-14 07:30:14', 3000000),
(48, 8, 5, '2021-08-14 07:30:14', 3500000),
(49, 9, 5, '2021-08-14 07:30:14', 4000000),
(50, 10, 5, '2021-08-14 07:30:14', 5000000),
(51, 1, 6, '2021-08-14 07:30:14', 1000000),
(52, 2, 6, '2021-08-14 07:30:14', 1500000),
(53, 3, 6, '2021-08-14 07:30:14', 2000000),
(54, 4, 6, '2021-08-14 07:30:14', 2500000),
(55, 5, 6, '2021-08-14 07:30:14', 3000000),
(56, 6, 6, '2021-08-14 07:30:14', 3000000),
(57, 7, 6, '2021-08-14 07:30:14', 3000000),
(58, 8, 6, '2021-08-14 07:30:14', 3500000),
(59, 9, 6, '2021-08-14 07:30:14', 4000000),
(60, 10, 6, '2021-08-14 07:30:14', 5000000),
(61, 1, 7, '2021-08-14 07:30:14', 1000000),
(62, 2, 7, '2021-08-14 07:30:14', 1500000),
(63, 3, 7, '2021-08-14 07:30:14', 2000000),
(64, 4, 7, '2021-08-14 07:30:14', 2500000),
(65, 5, 7, '2021-08-14 07:30:14', 3000000),
(66, 6, 7, '2021-08-14 07:30:14', 3000000),
(67, 7, 7, '2021-08-14 07:30:14', 3000000),
(68, 8, 7, '2021-08-14 07:30:14', 3500000),
(69, 9, 7, '2021-08-14 07:30:14', 4000000),
(70, 10, 7, '2021-08-14 07:30:14', 5000000),
(71, 1, 8, '2021-08-14 07:30:14', 1000000),
(72, 2, 8, '2021-08-14 07:30:14', 1500000),
(73, 3, 8, '2021-08-14 07:30:14', 2000000),
(74, 4, 8, '2021-08-14 07:30:14', 2500000),
(75, 5, 8, '2021-08-14 07:30:14', 3000000),
(76, 6, 8, '2021-08-14 07:30:14', 3000000),
(77, 7, 8, '2021-08-14 07:30:14', 3000000),
(78, 8, 8, '2021-08-14 07:30:14', 3500000),
(79, 9, 8, '2021-08-14 07:30:14', 4000000),
(80, 10, 8, '2021-08-14 07:30:14', 5000000),
(81, 1, 9, '2021-08-14 07:30:14', 1000000),
(82, 2, 9, '2021-08-14 07:30:14', 1500000),
(83, 3, 9, '2021-08-14 07:30:14', 2000000),
(84, 4, 9, '2021-08-14 07:30:14', 2500000),
(85, 5, 9, '2021-08-14 07:30:14', 3000000),
(86, 6, 9, '2021-08-14 07:30:14', 3000000),
(87, 7, 9, '2021-08-14 07:30:14', 3000000),
(88, 8, 9, '2021-08-14 07:30:14', 3500000),
(89, 9, 9, '2021-08-14 07:30:14', 4000000),
(90, 10, 9, '2021-08-14 07:30:14', 5000000),
(91, 1, 10, '2021-08-14 07:30:14', 1000000),
(92, 2, 10, '2021-08-14 07:30:14', 1500000),
(93, 3, 10, '2021-08-14 07:30:14', 2000000),
(94, 4, 10, '2021-08-14 07:30:14', 2500000),
(95, 5, 10, '2021-08-14 07:30:14', 3000000),
(96, 6, 10, '2021-08-14 07:30:14', 3000000),
(97, 7, 10, '2021-08-14 07:30:14', 3000000),
(98, 8, 10, '2021-08-14 07:30:14', 3500000),
(99, 9, 10, '2021-08-14 07:30:14', 4000000),
(100, 10, 10, '2021-08-14 07:30:14', 5000000);

--
-- Indexes for dumped tables
--

--
-- Indexes for table `barang`
--
ALTER TABLE `barang`
  ADD PRIMARY KEY (`Id_barang`);

--
-- Indexes for table `pelanggan`
--
ALTER TABLE `pelanggan`
  ADD PRIMARY KEY (`Id_pelanggan`);

--
-- Indexes for table `transaksi`
--
ALTER TABLE `transaksi`
  ADD PRIMARY KEY (`Id_transaksi`);

--
-- AUTO_INCREMENT for dumped tables
--

--
-- AUTO_INCREMENT for table `barang`
--
ALTER TABLE `barang`
  MODIFY `Id_barang` int(11) NOT NULL AUTO_INCREMENT, AUTO_INCREMENT=11;

--
-- AUTO_INCREMENT for table `pelanggan`
--
ALTER TABLE `pelanggan`
  MODIFY `Id_pelanggan` int(11) NOT NULL AUTO_INCREMENT, AUTO_INCREMENT=11;

--
-- AUTO_INCREMENT for table `transaksi`
--
ALTER TABLE `transaksi`
  MODIFY `Id_transaksi` int(11) NOT NULL AUTO_INCREMENT, AUTO_INCREMENT=101;
COMMIT;

/*!40101 SET CHARACTER_SET_CLIENT=@OLD_CHARACTER_SET_CLIENT */;
/*!40101 SET CHARACTER_SET_RESULTS=@OLD_CHARACTER_SET_RESULTS */;
/*!40101 SET COLLATION_CONNECTION=@OLD_COLLATION_CONNECTION */;
